name,desc,sku,image
BDCQ.SF1AA2CA,Industry by financial variable (NZSIOC Level 2),ECM-aa4dc71,https://unsplash.com/photos/s5kTY-Ve1c0
BDCQ.SF1AA2CA,Industry by financial variable (NZSIOC Level 2),ECM-aa4dc78,https://unsplash.com/photos/s5kTY-Ve1c1
BDCQ.SF1AA2CA,Industry by financial variable (NZSIOC Level 2),ECM-aa4dc79,https://unsplash.com/photos/s5kTY-Ve1c2
BDCQ.SF1AA2CA,Industry by financial variable (NZSIOC Level 2),ECM-aa4dc80,https://unsplash.com/photos/s5kTY-Ve1c3
BDCQ.SF1AA2CA,Industry by financial variable (NZSIOC Level 2),ECM-aa4dc81,https://unsplash.com/photos/s5kTY-Ve1c4
BDCQ.SF1AA2CA,Industry by financial variable (NZSIOC Level 2),ECM-aa4dc82,https://unsplash.com/photos/s5kTY-Ve1c5
BDCQ.SF1AA2CA,Industry by financial variable (NZSIOC Level 2),ECM-aa4dc83,https://unsplash.com/photos/s5kTY-Ve1c6
BDCQ.SF1AA2CA,Industry by financial variable (NZSIOC Level 2),ECM-aa4dc84,https://unsplash.com/photos/s5kTY-Ve1c7
BDCQ.SF1AA2CA,Industry by financial variable (NZSIOC Level 2),ECM-aa4dc85,https://unsplash.com/photos/s5kTY-Ve1c8
BDCQ.SF1AA2CA,Industry by financial variable (NZSIOC Level 2),ECM-aa4dc86,https://unsplash.com/photos/s5kTY-Ve1c9
BDCQ.SF1AA2CA,Industry by financial variable (NZSIOC Level 2),ECM-aa4dc87,https://unsplash.com/photos/s5kTY-Ve1c10
BDCQ.SF1AA2CA,Industry by financial variable (NZSIOC Level 2),ECM-aa4dc88,https://unsplash.com/photos/s5kTY-Ve1c11
BDCQ.SF1AA2CA,Industry by financial variable (NZSIOC Level 2),ECM-aa4dc89,https://unsplash.com/photos/s5kTY-Ve1c12
BDCQ.SF1AA2CA,Industry by financial variable (NZSIOC Level 2),ECM-aa4dc90,https://unsplash.com/photos/s5kTY-Ve1c13
BDCQ.SF1AA2CA,Industry by financial variable (NZSIOC Level 2),ECM-aa4dc91,https://unsplash.com/photos/s5kTY-Ve1c14
BDCQ.SF1AA2CA,Industry by financial variable (NZSIOC Level 2),ECM-aa4dc92,https://unsplash.com/photos/s5kTY-Ve1c15
BDCQ.SF1AA2CA,Industry by financial variable (NZSIOC Level 2),ECM-aa4dc93,https://unsplash.com/photos/s5kTY-Ve1c16
BDCQ.SF1AA2CA,Industry by financial variable (NZSIOC Level 2),ECM-aa4dc94,https://unsplash.com/photos/s5kTY-Ve1c17
BDCQ.SF1AA2CA,Industry by financial variable (NZSIOC Level 2),ECM-aa4dc95,https://unsplash.com/photos/s5kTY-Ve1c18
BDCQ.SF1AA2CA,Industry by financial variable (NZSIOC Level 2),ECM-aa4dc96,https://unsplash.com/photos/s5kTY-Ve1c19
BDCQ.SF1AA2CA,Industry by financial variable (NZSIOC Level 2),ECM-aa4dc97,https://unsplash.com/photos/s5kTY-Ve1c20
BDCQ.SF1AA2CA,Industry by financial variable (NZSIOC Level 2),ECM-aa4dc98,https://unsplash.com/photos/s5kTY-Ve1c21
BDCQ.SF1AA2CA,Industry by financial variable (NZSIOC Level 2),ECM-aa4dc99,https://unsplash.com/photos/s5kTY-Ve1c22
BDCQ.SF1AA2CA,Industry by financial variable (NZSIOC Level 2),ECM-aa4dc100,https://unsplash.com/photos/s5kTY-Ve1c23
BDCQ.SF1AA2CA,Industry by financial variable (NZSIOC Level 2),ECM-aa4dc101,https://unsplash.com/photos/s5kTY-Ve1c24
BDCQ.SF1AA2CA,Industry by financial variable (NZSIOC Level 2),ECM-aa4dc102,https://unsplash.com/photos/s5kTY-Ve1c25
BDCQ.SF1AA2CA,Industry by financial variable (NZSIOC Level 2),ECM-aa4dc103,https://unsplash.com/photos/s5kTY-Ve1c26
BDCQ.SF1AA2CA,Industry by financial variable (NZSIOC Level 2),ECM-aa4dc104,https://unsplash.com/photos/s5kTY-Ve1c27
BDCQ.SF1AA2CA,Industry by financial variable (NZSIOC Level 2),ECM-aa4dc105,https://unsplash.com/photos/s5kTY-Ve1c28
BDCQ.SF1AA2CS,Industry by financial variable (NZSIOC Level 2),ECM-aa4dc106,https://unsplash.com/photos/s5kTY-Ve1c29
BDCQ.SF1AA2CS,Industry by financial variable (NZSIOC Level 2),ECM-aa4dc107,https://unsplash.com/photos/s5kTY-Ve1c30
BDCQ.SF1AA2CS,Industry by financial variable (NZSIOC Level 2),ECM-aa4dc108,https://unsplash.com/photos/s5kTY-Ve1c31
BDCQ.SF1AA2CS,Industry by financial variable (NZSIOC Level 2),ECM-aa4dc109,https://unsplash.com/photos/s5kTY-Ve1c32
BDCQ.SF1AA2CS,Industry by financial variable (NZSIOC Level 2),ECM-aa4dc110,https://unsplash.com/photos/s5kTY-Ve1c33
BDCQ.SF1AA2CS,Industry by financial variable (NZSIOC Level 2),ECM-aa4dc111,https://unsplash.com/photos/s5kTY-Ve1c34
BDCQ.SF1AA2CS,Industry by financial variable (NZSIOC Level 2),ECM-aa4dc112,https://unsplash.com/photos/s5kTY-Ve1c35
BDCQ.SF1AA2CS,Industry by financial variable (NZSIOC Level 2),ECM-aa4dc113,https://unsplash.com/photos/s5kTY-Ve1c36
BDCQ.SF1AA2CS,Industry by financial variable (NZSIOC Level 2),ECM-aa4dc114,https://unsplash.com/photos/s5kTY-Ve1c37
BDCQ.SF1AA2CS,Industry by financial variable (NZSIOC Level 2),ECM-aa4dc115,https://unsplash.com/photos/s5kTY-Ve1c38
BDCQ.SF1AA2CS,Industry by financial variable (NZSIOC Level 2),ECM-aa4dc116,https://unsplash.com/photos/s5kTY-Ve1c39
BDCQ.SF1AA2CS,Industry by financial variable (NZSIOC Level 2),ECM-aa4dc117,https://unsplash.com/photos/s5kTY-Ve1c40
BDCQ.SF1AA2CS,Industry by financial variable (NZSIOC Level 2),ECM-aa4dc118,https://unsplash.com/photos/s5kTY-Ve1c41
BDCQ.SF1AA2CS,Industry by financial variable (NZSIOC Level 2),ECM-aa4dc119,https://unsplash.com/photos/s5kTY-Ve1c42
BDCQ.SF1AA2CS,Industry by financial variable (NZSIOC Level 2),ECM-aa4dc120,https://unsplash.com/photos/s5kTY-Ve1c43
BDCQ.SF1AA2CS,Industry by financial variable (NZSIOC Level 2),ECM-aa4dc121,https://unsplash.com/photos/s5kTY-Ve1c44
BDCQ.SF1AA2CS,Industry by financial variable (NZSIOC Level 2),ECM-aa4dc122,https://unsplash.com/photos/s5kTY-Ve1c45
BDCQ.SF1AA2CS,Industry by financial variable (NZSIOC Level 2),ECM-aa4dc123,https://unsplash.com/photos/s5kTY-Ve1c46
BDCQ.SF1AA2CS,Industry by financial variable (NZSIOC Level 2),ECM-aa4dc124,https://unsplash.com/photos/s5kTY-Ve1c47
BDCQ.SF1AA2CS,Industry by financial variable (NZSIOC Level 2),ECM-aa4dc125,https://unsplash.com/photos/s5kTY-Ve1c48
BDCQ.SF1AA2CS,Industry by financial variable (NZSIOC Level 2),ECM-aa4dc126,https://unsplash.com/photos/s5kTY-Ve1c49
BDCQ.SF1AA2CS,Industry by financial variable (NZSIOC Level 2),ECM-aa4dc127,https://unsplash.com/photos/s5kTY-Ve1c50
BDCQ.SF1AA2CS,Industry by financial variable (NZSIOC Level 2),ECM-aa4dc128,https://unsplash.com/photos/s5kTY-Ve1c51
BDCQ.SF1AA2CS,Industry by financial variable (NZSIOC Level 2),ECM-aa4dc129,https://unsplash.com/photos/s5kTY-Ve1c52
BDCQ.SF1AA2CS,Industry by financial variable (NZSIOC Level 2),ECM-aa4dc130,https://unsplash.com/photos/s5kTY-Ve1c53
BDCQ.SF1AA2CS,Industry by financial variable (NZSIOC Level 2),ECM-aa4dc131,https://unsplash.com/photos/s5kTY-Ve1c54
BDCQ.SF1AA2CS,Industry by financial variable (NZSIOC Level 2),ECM-aa4dc132,https://unsplash.com/photos/s5kTY-Ve1c55
BDCQ.SF1AA2CS,Industry by financial variable (NZSIOC Level 2),ECM-aa4dc133,https://unsplash.com/photos/s5kTY-Ve1c56
BDCQ.SF1AA2CS,Industry by financial variable (NZSIOC Level 2),ECM-aa4dc134,https://unsplash.com/photos/s5kTY-Ve1c57
BDCQ.SF1AA2CT,Industry by financial variable (NZSIOC Level 2),ECM-aa4dc135,https://unsplash.com/photos/s5kTY-Ve1c58
BDCQ.SF1AA2CT,Industry by financial variable (NZSIOC Level 2),ECM-aa4dc136,https://unsplash.com/photos/s5kTY-Ve1c59
BDCQ.SF1AA2CT,Industry by financial variable (NZSIOC Level 2),ECM-aa4dc137,https://unsplash.com/photos/s5kTY-Ve1c60
BDCQ.SF1AA2CT,Industry by financial variable (NZSIOC Level 2),ECM-aa4dc138,https://unsplash.com/photos/s5kTY-Ve1c61
BDCQ.SF1AA2CT,Industry by financial variable (NZSIOC Level 2),ECM-aa4dc139,https://unsplash.com/photos/s5kTY-Ve1c62
BDCQ.SF1AA2CT,Industry by financial variable (NZSIOC Level 2),ECM-aa4dc140,https://unsplash.com/photos/s5kTY-Ve1c63
BDCQ.SF1AA2CT,Industry by financial variable (NZSIOC Level 2),ECM-aa4dc141,https://unsplash.com/photos/s5kTY-Ve1c64
BDCQ.SF1AA2CT,Industry by financial variable (NZSIOC Level 2),ECM-aa4dc142,https://unsplash.com/photos/s5kTY-Ve1c65
BDCQ.SF1AA2CT,Industry by financial variable (NZSIOC Level 2),ECM-aa4dc143,https://unsplash.com/photos/s5kTY-Ve1c66
BDCQ.SF1AA2CT,Industry by financial variable (NZSIOC Level 2),ECM-aa4dc144,https://unsplash.com/photos/s5kTY-Ve1c67
BDCQ.SF1AA2CT,Industry by financial variable (NZSIOC Level 2),ECM-aa4dc145,https://unsplash.com/photos/s5kTY-Ve1c68
BDCQ.SF1AA2CT,Industry by financial variable (NZSIOC Level 2),ECM-aa4dc146,https://unsplash.com/photos/s5kTY-Ve1c69
BDCQ.SF1AA2CT,Industry by financial variable (NZSIOC Level 2),ECM-aa4dc147,https://unsplash.com/photos/s5kTY-Ve1c70
BDCQ.SF1AA2CT,Industry by financial variable (NZSIOC Level 2),ECM-aa4dc148,https://unsplash.com/photos/s5kTY-Ve1c71
BDCQ.SF1AA2CT,Industry by financial variable (NZSIOC Level 2),ECM-aa4dc149,https://unsplash.com/photos/s5kTY-Ve1c72
BDCQ.SF1AA2CT,Industry by financial variable (NZSIOC Level 2),ECM-aa4dc150,https://unsplash.com/photos/s5kTY-Ve1c73
BDCQ.SF1AA2CT,Industry by financial variable (NZSIOC Level 2),ECM-aa4dc151,https://unsplash.com/photos/s5kTY-Ve1c74
BDCQ.SF1AA2CT,Industry by financial variable (NZSIOC Level 2),ECM-aa4dc152,https://unsplash.com/photos/s5kTY-Ve1c75
BDCQ.SF1AA2CT,Industry by financial variable (NZSIOC Level 2),ECM-aa4dc153,https://unsplash.com/photos/s5kTY-Ve1c76
BDCQ.SF1AA2CT,Industry by financial variable (NZSIOC Level 2),ECM-aa4dc154,https://unsplash.com/photos/s5kTY-Ve1c77
BDCQ.SF1AA2CT,Industry by financial variable (NZSIOC Level 2),ECM-aa4dc155,https://unsplash.com/photos/s5kTY-Ve1c78
BDCQ.SF1AA2CT,Industry by financial variable (NZSIOC Level 2),ECM-aa4dc156,https://unsplash.com/photos/s5kTY-Ve1c79
BDCQ.SF1AA2CT,Industry by financial variable (NZSIOC Level 2),ECM-aa4dc157,https://unsplash.com/photos/s5kTY-Ve1c80
BDCQ.SF1AA2CT,Industry by financial variable (NZSIOC Level 2),ECM-aa4dc158,https://unsplash.com/photos/s5kTY-Ve1c81
BDCQ.SF1AA2CT,Industry by financial variable (NZSIOC Level 2),ECM-aa4dc159,https://unsplash.com/photos/s5kTY-Ve1c82
BDCQ.SF1AA2CT,Industry by financial variable (NZSIOC Level 2),ECM-aa4dc160,https://unsplash.com/photos/s5kTY-Ve1c83
BDCQ.SF1AA2CT,Industry by financial variable (NZSIOC Level 2),ECM-aa4dc161,https://unsplash.com/photos/s5kTY-Ve1c84
BDCQ.SF1AA2CT,Industry by financial variable (NZSIOC Level 2),ECM-aa4dc162,https://unsplash.com/photos/s5kTY-Ve1c85
BDCQ.SF1AA2CT,Industry by financial variable (NZSIOC Level 2),ECM-aa4dc163,https://unsplash.com/photos/s5kTY-Ve1c86
BDCQ.SF1AA3CA,Industry by financial variable (NZSIOC Level 2),ECM-aa4dc164,https://unsplash.com/photos/s5kTY-Ve1c87
BDCQ.SF1AA3CA,Industry by financial variable (NZSIOC Level 2),ECM-aa4dc165,https://unsplash.com/photos/s5kTY-Ve1c88
BDCQ.SF1AA3CA,Industry by financial variable (NZSIOC Level 2),ECM-aa4dc166,https://unsplash.com/photos/s5kTY-Ve1c89
BDCQ.SF1AA3CA,Industry by financial variable (NZSIOC Level 2),ECM-aa4dc167,https://unsplash.com/photos/s5kTY-Ve1c90
BDCQ.SF1AA3CA,Industry by financial variable (NZSIOC Level 2),ECM-aa4dc168,https://unsplash.com/photos/s5kTY-Ve1c91
BDCQ.SF1AA3CA,Industry by financial variable (NZSIOC Level 2),ECM-aa4dc169,https://unsplash.com/photos/s5kTY-Ve1c92
BDCQ.SF1AA3CA,Industry by financial variable (NZSIOC Level 2),ECM-aa4dc170,https://unsplash.com/photos/s5kTY-Ve1c93
BDCQ.SF1AA3CA,Industry by financial variable (NZSIOC Level 2),ECM-aa4dc171,https://unsplash.com/photos/s5kTY-Ve1c94
BDCQ.SF1AA3CA,Industry by financial variable (NZSIOC Level 2),ECM-aa4dc172,https://unsplash.com/photos/s5kTY-Ve1c95
BDCQ.SF1AA3CA,Industry by financial variable (NZSIOC Level 2),ECM-aa4dc173,https://unsplash.com/photos/s5kTY-Ve1c96
BDCQ.SF1AA3CA,Industry by financial variable (NZSIOC Level 2),ECM-aa4dc174,https://unsplash.com/photos/s5kTY-Ve1c97
BDCQ.SF1AA3CA,Industry by financial variable (NZSIOC Level 2),ECM-aa4dc175,https://unsplash.com/photos/s5kTY-Ve1c98
BDCQ.SF1AA3CA,Industry by financial variable (NZSIOC Level 2),ECM-aa4dc176,https://unsplash.com/photos/s5kTY-Ve1c99
BDCQ.SF1AA3CA,Industry by financial variable (NZSIOC Level 2),ECM-aa4dc177,https://unsplash.com/photos/s5kTY-Ve1c100
BDCQ.SF1AA3CA,Industry by financial variable (NZSIOC Level 2),ECM-aa4dc178,https://unsplash.com/photos/s5kTY-Ve1c101
BDCQ.SF1AA3CA,Industry by financial variable (NZSIOC Level 2),ECM-aa4dc179,https://unsplash.com/photos/s5kTY-Ve1c102
BDCQ.SF1AA3CA,Industry by financial variable (NZSIOC Level 2),ECM-aa4dc180,https://unsplash.com/photos/s5kTY-Ve1c103
BDCQ.SF1AA3CA,Industry by financial variable (NZSIOC Level 2),ECM-aa4dc181,https://unsplash.com/photos/s5kTY-Ve1c104
BDCQ.SF1AA3CA,Industry by financial variable (NZSIOC Level 2),ECM-aa4dc182,https://unsplash.com/photos/s5kTY-Ve1c105
BDCQ.SF1AA3CA,Industry by financial variable (NZSIOC Level 2),ECM-aa4dc183,https://unsplash.com/photos/s5kTY-Ve1c106
BDCQ.SF1AA3CA,Industry by financial variable (NZSIOC Level 2),ECM-aa4dc184,https://unsplash.com/photos/s5kTY-Ve1c107
BDCQ.SF1AA3CA,Industry by financial variable (NZSIOC Level 2),ECM-aa4dc185,https://unsplash.com/photos/s5kTY-Ve1c108
BDCQ.SF1AA3CA,Industry by financial variable (NZSIOC Level 2),ECM-aa4dc186,https://unsplash.com/photos/s5kTY-Ve1c109
BDCQ.SF1AA3CA,Industry by financial variable (NZSIOC Level 2),ECM-aa4dc187,https://unsplash.com/photos/s5kTY-Ve1c110
BDCQ.SF1AA3CA,Industry by financial variable (NZSIOC Level 2),ECM-aa4dc188,https://unsplash.com/photos/s5kTY-Ve1c111
BDCQ.SF1AA3CA,Industry by financial variable (NZSIOC Level 2),ECM-aa4dc189,https://unsplash.com/photos/s5kTY-Ve1c112
BDCQ.SF1AA3CA,Industry by financial variable (NZSIOC Level 2),ECM-aa4dc190,https://unsplash.com/photos/s5kTY-Ve1c113
BDCQ.SF1AA3CA,Industry by financial variable (NZSIOC Level 2),ECM-aa4dc191,https://unsplash.com/photos/s5kTY-Ve1c114
BDCQ.SF1AA3CA,Industry by financial variable (NZSIOC Level 2),ECM-aa4dc192,https://unsplash.com/photos/s5kTY-Ve1c115
BDCQ.SF1AA3CS,Industry by financial variable (NZSIOC Level 2),ECM-aa4dc193,https://unsplash.com/photos/s5kTY-Ve1c116
BDCQ.SF1AA3CS,Industry by financial variable (NZSIOC Level 2),ECM-aa4dc194,https://unsplash.com/photos/s5kTY-Ve1c117
BDCQ.SF1AA3CS,Industry by financial variable (NZSIOC Level 2),ECM-aa4dc195,https://unsplash.com/photos/s5kTY-Ve1c118
BDCQ.SF1AA3CS,Industry by financial variable (NZSIOC Level 2),ECM-aa4dc196,https://unsplash.com/photos/s5kTY-Ve1c119
BDCQ.SF1AA3CS,Industry by financial variable (NZSIOC Level 2),ECM-aa4dc197,https://unsplash.com/photos/s5kTY-Ve1c120
BDCQ.SF1AA3CS,Industry by financial variable (NZSIOC Level 2),ECM-aa4dc198,https://unsplash.com/photos/s5kTY-Ve1c121
BDCQ.SF1AA3CS,Industry by financial variable (NZSIOC Level 2),ECM-aa4dc199,https://unsplash.com/photos/s5kTY-Ve1c122
BDCQ.SF1AA3CS,Industry by financial variable (NZSIOC Level 2),ECM-aa4dc200,https://unsplash.com/photos/s5kTY-Ve1c123
BDCQ.SF1AA3CS,Industry by financial variable (NZSIOC Level 2),ECM-aa4dc201,https://unsplash.com/photos/s5kTY-Ve1c124
BDCQ.SF1AA3CS,Industry by financial variable (NZSIOC Level 2),ECM-aa4dc202,https://unsplash.com/photos/s5kTY-Ve1c125
BDCQ.SF1AA3CS,Industry by financial variable (NZSIOC Level 2),ECM-aa4dc203,https://unsplash.com/photos/s5kTY-Ve1c126
BDCQ.SF1AA3CS,Industry by financial variable (NZSIOC Level 2),ECM-aa4dc204,https://unsplash.com/photos/s5kTY-Ve1c127
BDCQ.SF1AA3CS,Industry by financial variable (NZSIOC Level 2),ECM-aa4dc205,https://unsplash.com/photos/s5kTY-Ve1c128
BDCQ.SF1AA3CS,Industry by financial variable (NZSIOC Level 2),ECM-aa4dc206,https://unsplash.com/photos/s5kTY-Ve1c129
BDCQ.SF1AA3CS,Industry by financial variable (NZSIOC Level 2),ECM-aa4dc207,https://unsplash.com/photos/s5kTY-Ve1c130
BDCQ.SF1AA3CS,Industry by financial variable (NZSIOC Level 2),ECM-aa4dc208,https://unsplash.com/photos/s5kTY-Ve1c131
BDCQ.SF1AA3CS,Industry by financial variable (NZSIOC Level 2),ECM-aa4dc209,https://unsplash.com/photos/s5kTY-Ve1c132
BDCQ.SF1AA3CS,Industry by financial variable (NZSIOC Level 2),ECM-aa4dc210,https://unsplash.com/photos/s5kTY-Ve1c133
BDCQ.SF1AA3CS,Industry by financial variable (NZSIOC Level 2),ECM-aa4dc211,https://unsplash.com/photos/s5kTY-Ve1c134
BDCQ.SF1AA3CS,Industry by financial variable (NZSIOC Level 2),ECM-aa4dc212,https://unsplash.com/photos/s5kTY-Ve1c135
BDCQ.SF1AA3CS,Industry by financial variable (NZSIOC Level 2),ECM-aa4dc213,https://unsplash.com/photos/s5kTY-Ve1c136
BDCQ.SF1AA3CS,Industry by financial variable (NZSIOC Level 2),ECM-aa4dc214,https://unsplash.com/photos/s5kTY-Ve1c137
BDCQ.SF1AA3CS,Industry by financial variable (NZSIOC Level 2),ECM-aa4dc215,https://unsplash.com/photos/s5kTY-Ve1c138
BDCQ.SF1AA3CS,Industry by financial variable (NZSIOC Level 2),ECM-aa4dc216,https://unsplash.com/photos/s5kTY-Ve1c139
BDCQ.SF1AA3CS,Industry by financial variable (NZSIOC Level 2),ECM-aa4dc217,https://unsplash.com/photos/s5kTY-Ve1c140
BDCQ.SF1AA3CS,Industry by financial variable (NZSIOC Level 2),ECM-aa4dc218,https://unsplash.com/photos/s5kTY-Ve1c141
BDCQ.SF1AA3CS,Industry by financial variable (NZSIOC Level 2),ECM-aa4dc219,https://unsplash.com/photos/s5kTY-Ve1c142
BDCQ.SF1AA3CS,Industry by financial variable (NZSIOC Level 2),ECM-aa4dc220,https://unsplash.com/photos/s5kTY-Ve1c143
BDCQ.SF1AA3CS,Industry by financial variable (NZSIOC Level 2),ECM-aa4dc221,https://unsplash.com/photos/s5kTY-Ve1c144
BDCQ.SF1AA3CT,Industry by financial variable (NZSIOC Level 2),ECM-aa4dc222,https://unsplash.com/photos/s5kTY-Ve1c145
BDCQ.SF1AA3CT,Industry by financial variable (NZSIOC Level 2),ECM-aa4dc223,https://unsplash.com/photos/s5kTY-Ve1c146
BDCQ.SF1AA3CT,Industry by financial variable (NZSIOC Level 2),ECM-aa4dc224,https://unsplash.com/photos/s5kTY-Ve1c147
BDCQ.SF1AA3CT,Industry by financial variable (NZSIOC Level 2),ECM-aa4dc225,https://unsplash.com/photos/s5kTY-Ve1c148
BDCQ.SF1AA3CT,Industry by financial variable (NZSIOC Level 2),ECM-aa4dc226,https://unsplash.com/photos/s5kTY-Ve1c149
BDCQ.SF1AA3CT,Industry by financial variable (NZSIOC Level 2),ECM-aa4dc227,https://unsplash.com/photos/s5kTY-Ve1c150
BDCQ.SF1AA3CT,Industry by financial variable (NZSIOC Level 2),ECM-aa4dc228,https://unsplash.com/photos/s5kTY-Ve1c151
BDCQ.SF1AA3CT,Industry by financial variable (NZSIOC Level 2),ECM-aa4dc229,https://unsplash.com/photos/s5kTY-Ve1c152
BDCQ.SF1AA3CT,Industry by financial variable (NZSIOC Level 2),ECM-aa4dc230,https://unsplash.com/photos/s5kTY-Ve1c153
BDCQ.SF1AA3CT,Industry by financial variable (NZSIOC Level 2),ECM-aa4dc231,https://unsplash.com/photos/s5kTY-Ve1c154
BDCQ.SF1AA3CT,Industry by financial variable (NZSIOC Level 2),ECM-aa4dc232,https://unsplash.com/photos/s5kTY-Ve1c155
BDCQ.SF1AA3CT,Industry by financial variable (NZSIOC Level 2),ECM-aa4dc233,https://unsplash.com/photos/s5kTY-Ve1c156
BDCQ.SF1AA3CT,Industry by financial variable (NZSIOC Level 2),ECM-aa4dc234,https://unsplash.com/photos/s5kTY-Ve1c157
BDCQ.SF1AA3CT,Industry by financial variable (NZSIOC Level 2),ECM-aa4dc235,https://unsplash.com/photos/s5kTY-Ve1c158
BDCQ.SF1AA3CT,Industry by financial variable (NZSIOC Level 2),ECM-aa4dc236,https://unsplash.com/photos/s5kTY-Ve1c159
BDCQ.SF1AA3CT,Industry by financial variable (NZSIOC Level 2),ECM-aa4dc237,https://unsplash.com/photos/s5kTY-Ve1c160
BDCQ.SF1AA3CT,Industry by financial variable (NZSIOC Level 2),ECM-aa4dc238,https://unsplash.com/photos/s5kTY-Ve1c161
BDCQ.SF1AA3CT,Industry by financial variable (NZSIOC Level 2),ECM-aa4dc239,https://unsplash.com/photos/s5kTY-Ve1c162
BDCQ.SF1AA3CT,Industry by financial variable (NZSIOC Level 2),ECM-aa4dc240,https://unsplash.com/photos/s5kTY-Ve1c163
BDCQ.SF1AA3CT,Industry by financial variable (NZSIOC Level 2),ECM-aa4dc241,https://unsplash.com/photos/s5kTY-Ve1c164
BDCQ.SF1AA3CT,Industry by financial variable (NZSIOC Level 2),ECM-aa4dc242,https://unsplash.com/photos/s5kTY-Ve1c165
BDCQ.SF1AA3CT,Industry by financial variable (NZSIOC Level 2),ECM-aa4dc243,https://unsplash.com/photos/s5kTY-Ve1c166
BDCQ.SF1AA3CT,Industry by financial variable (NZSIOC Level 2),ECM-aa4dc244,https://unsplash.com/photos/s5kTY-Ve1c167
BDCQ.SF1AA3CT,Industry by financial variable (NZSIOC Level 2),ECM-aa4dc245,https://unsplash.com/photos/s5kTY-Ve1c168
BDCQ.SF1AA3CT,Industry by financial variable (NZSIOC Level 2),ECM-aa4dc246,https://unsplash.com/photos/s5kTY-Ve1c169
BDCQ.SF1AA3CT,Industry by financial variable (NZSIOC Level 2),ECM-aa4dc247,https://unsplash.com/photos/s5kTY-Ve1c170
BDCQ.SF1AA3CT,Industry by financial variable (NZSIOC Level 2),ECM-aa4dc248,https://unsplash.com/photos/s5kTY-Ve1c171
BDCQ.SF1AA3CT,Industry by financial variable (NZSIOC Level 2),ECM-aa4dc249,https://unsplash.com/photos/s5kTY-Ve1c172
BDCQ.SF1AA3CT,Industry by financial variable (NZSIOC Level 2),ECM-aa4dc250,https://unsplash.com/photos/s5kTY-Ve1c173
BDCQ.SF1AACA,Industry by financial variable (NZSIOC Level 1),ECM-aa4dc251,https://unsplash.com/photos/s5kTY-Ve1c174
BDCQ.SF1AACA,Industry by financial variable (NZSIOC Level 1),ECM-aa4dc252,https://unsplash.com/photos/s5kTY-Ve1c175
BDCQ.SF1AACA,Industry by financial variable (NZSIOC Level 1),ECM-aa4dc253,https://unsplash.com/photos/s5kTY-Ve1c176
BDCQ.SF1AACA,Industry by financial variable (NZSIOC Level 1),ECM-aa4dc254,https://unsplash.com/photos/s5kTY-Ve1c177
BDCQ.SF1AACA,Industry by financial variable (NZSIOC Level 1),ECM-aa4dc255,https://unsplash.com/photos/s5kTY-Ve1c178
BDCQ.SF1AACA,Industry by financial variable (NZSIOC Level 1),ECM-aa4dc256,https://unsplash.com/photos/s5kTY-Ve1c179
BDCQ.SF1AACA,Industry by financial variable (NZSIOC Level 1),ECM-aa4dc257,https://unsplash.com/photos/s5kTY-Ve1c180
BDCQ.SF1AACA,Industry by financial variable (NZSIOC Level 1),ECM-aa4dc258,https://unsplash.com/photos/s5kTY-Ve1c181
BDCQ.SF1AACA,Industry by financial variable (NZSIOC Level 1),ECM-aa4dc259,https://unsplash.com/photos/s5kTY-Ve1c182
BDCQ.SF1AACA,Industry by financial variable (NZSIOC Level 1),ECM-aa4dc260,https://unsplash.com/photos/s5kTY-Ve1c183
BDCQ.SF1AACA,Industry by financial variable (NZSIOC Level 1),ECM-aa4dc261,https://unsplash.com/photos/s5kTY-Ve1c184
BDCQ.SF1AACA,Industry by financial variable (NZSIOC Level 1),ECM-aa4dc262,https://unsplash.com/photos/s5kTY-Ve1c185
BDCQ.SF1AACA,Industry by financial variable (NZSIOC Level 1),ECM-aa4dc263,https://unsplash.com/photos/s5kTY-Ve1c186
BDCQ.SF1AACA,Industry by financial variable (NZSIOC Level 1),ECM-aa4dc264,https://unsplash.com/photos/s5kTY-Ve1c187
BDCQ.SF1AACA,Industry by financial variable (NZSIOC Level 1),ECM-aa4dc265,https://unsplash.com/photos/s5kTY-Ve1c188
BDCQ.SF1AACA,Industry by financial variable (NZSIOC Level 1),ECM-aa4dc266,https://unsplash.com/photos/s5kTY-Ve1c189
BDCQ.SF1AACA,Industry by financial variable (NZSIOC Level 1),ECM-aa4dc267,https://unsplash.com/photos/s5kTY-Ve1c190
BDCQ.SF1AACA,Industry by financial variable (NZSIOC Level 1),ECM-aa4dc268,https://unsplash.com/photos/s5kTY-Ve1c191
BDCQ.SF1AACA,Industry by financial variable (NZSIOC Level 1),ECM-aa4dc269,https://unsplash.com/photos/s5kTY-Ve1c192
BDCQ.SF1AACA,Industry by financial variable (NZSIOC Level 1),ECM-aa4dc270,https://unsplash.com/photos/s5kTY-Ve1c193
BDCQ.SF1AACA,Industry by financial variable (NZSIOC Level 1),ECM-aa4dc271,https://unsplash.com/photos/s5kTY-Ve1c194
BDCQ.SF1AACA,Industry by financial variable (NZSIOC Level 1),ECM-aa4dc272,https://unsplash.com/photos/s5kTY-Ve1c195
BDCQ.SF1AACA,Industry by financial variable (NZSIOC Level 1),ECM-aa4dc273,https://unsplash.com/photos/s5kTY-Ve1c196
BDCQ.SF1AACA,Industry by financial variable (NZSIOC Level 1),ECM-aa4dc274,https://unsplash.com/photos/s5kTY-Ve1c197
BDCQ.SF1AACA,Industry by financial variable (NZSIOC Level 1),ECM-aa4dc275,https://unsplash.com/photos/s5kTY-Ve1c198
BDCQ.SF1AACA,Industry by financial variable (NZSIOC Level 1),ECM-aa4dc276,https://unsplash.com/photos/s5kTY-Ve1c199
BDCQ.SF1AACA,Industry by financial variable (NZSIOC Level 1),ECM-aa4dc277,https://unsplash.com/photos/s5kTY-Ve1c200
BDCQ.SF1AACA,Industry by financial variable (NZSIOC Level 1),ECM-aa4dc278,https://unsplash.com/photos/s5kTY-Ve1c201
BDCQ.SF1AACA,Industry by financial variable (NZSIOC Level 1),ECM-aa4dc279,https://unsplash.com/photos/s5kTY-Ve1c202
BDCQ.SF1AACS,Industry by financial variable (NZSIOC Level 1),ECM-aa4dc280,https://unsplash.com/photos/s5kTY-Ve1c203
BDCQ.SF1AACS,Industry by financial variable (NZSIOC Level 1),ECM-aa4dc281,https://unsplash.com/photos/s5kTY-Ve1c204
BDCQ.SF1AACS,Industry by financial variable (NZSIOC Level 1),ECM-aa4dc282,https://unsplash.com/photos/s5kTY-Ve1c205
BDCQ.SF1AACS,Industry by financial variable (NZSIOC Level 1),ECM-aa4dc283,https://unsplash.com/photos/s5kTY-Ve1c206
BDCQ.SF1AACS,Industry by financial variable (NZSIOC Level 1),ECM-aa4dc284,https://unsplash.com/photos/s5kTY-Ve1c207
BDCQ.SF1AACS,Industry by financial variable (NZSIOC Level 1),ECM-aa4dc285,https://unsplash.com/photos/s5kTY-Ve1c208
BDCQ.SF1AACS,Industry by financial variable (NZSIOC Level 1),ECM-aa4dc286,https://unsplash.com/photos/s5kTY-Ve1c209
BDCQ.SF1AACS,Industry by financial variable (NZSIOC Level 1),ECM-aa4dc287,https://unsplash.com/photos/s5kTY-Ve1c210
BDCQ.SF1AACS,Industry by financial variable (NZSIOC Level 1),ECM-aa4dc288,https://unsplash.com/photos/s5kTY-Ve1c211
BDCQ.SF1AACS,Industry by financial variable (NZSIOC Level 1),ECM-aa4dc289,https://unsplash.com/photos/s5kTY-Ve1c212
BDCQ.SF1AACS,Industry by financial variable (NZSIOC Level 1),ECM-aa4dc290,https://unsplash.com/photos/s5kTY-Ve1c213
BDCQ.SF1AACS,Industry by financial variable (NZSIOC Level 1),ECM-aa4dc291,https://unsplash.com/photos/s5kTY-Ve1c214
BDCQ.SF1AACS,Industry by financial variable (NZSIOC Level 1),ECM-aa4dc292,https://unsplash.com/photos/s5kTY-Ve1c215
BDCQ.SF1AACS,Industry by financial variable (NZSIOC Level 1),ECM-aa4dc293,https://unsplash.com/photos/s5kTY-Ve1c216
BDCQ.SF1AACS,Industry by financial variable (NZSIOC Level 1),ECM-aa4dc294,https://unsplash.com/photos/s5kTY-Ve1c217
BDCQ.SF1AACS,Industry by financial variable (NZSIOC Level 1),ECM-aa4dc295,https://unsplash.com/photos/s5kTY-Ve1c218
BDCQ.SF1AACS,Industry by financial variable (NZSIOC Level 1),ECM-aa4dc296,https://unsplash.com/photos/s5kTY-Ve1c219
BDCQ.SF1AACS,Industry by financial variable (NZSIOC Level 1),ECM-aa4dc297,https://unsplash.com/photos/s5kTY-Ve1c220
BDCQ.SF1AACS,Industry by financial variable (NZSIOC Level 1),ECM-aa4dc298,https://unsplash.com/photos/s5kTY-Ve1c221
BDCQ.SF1AACS,Industry by financial variable (NZSIOC Level 1),ECM-aa4dc299,https://unsplash.com/photos/s5kTY-Ve1c222
BDCQ.SF1AACS,Industry by financial variable (NZSIOC Level 1),ECM-aa4dc300,https://unsplash.com/photos/s5kTY-Ve1c223
BDCQ.SF1AACS,Industry by financial variable (NZSIOC Level 1),ECM-aa4dc301,https://unsplash.com/photos/s5kTY-Ve1c224
BDCQ.SF1AACS,Industry by financial variable (NZSIOC Level 1),ECM-aa4dc302,https://unsplash.com/photos/s5kTY-Ve1c225
BDCQ.SF1AACS,Industry by financial variable (NZSIOC Level 1),ECM-aa4dc303,https://unsplash.com/photos/s5kTY-Ve1c226
BDCQ.SF1AACS,Industry by financial variable (NZSIOC Level 1),ECM-aa4dc304,https://unsplash.com/photos/s5kTY-Ve1c227
BDCQ.SF1AACS,Industry by financial variable (NZSIOC Level 1),ECM-aa4dc305,https://unsplash.com/photos/s5kTY-Ve1c228
BDCQ.SF1AACS,Industry by financial variable (NZSIOC Level 1),ECM-aa4dc306,https://unsplash.com/photos/s5kTY-Ve1c229
BDCQ.SF1AACS,Industry by financial variable (NZSIOC Level 1),ECM-aa4dc307,https://unsplash.com/photos/s5kTY-Ve1c230
BDCQ.SF1AACS,Industry by financial variable (NZSIOC Level 1),ECM-aa4dc308,https://unsplash.com/photos/s5kTY-Ve1c231
BDCQ.SF1AACT,Industry by financial variable (NZSIOC Level 1),ECM-aa4dc309,https://unsplash.com/photos/s5kTY-Ve1c232
BDCQ.SF1AACT,Industry by financial variable (NZSIOC Level 1),ECM-aa4dc310,https://unsplash.com/photos/s5kTY-Ve1c233
BDCQ.SF1AACT,Industry by financial variable (NZSIOC Level 1),ECM-aa4dc311,https://unsplash.com/photos/s5kTY-Ve1c234
BDCQ.SF1AACT,Industry by financial variable (NZSIOC Level 1),ECM-aa4dc312,https://unsplash.com/photos/s5kTY-Ve1c235
BDCQ.SF1AACT,Industry by financial variable (NZSIOC Level 1),ECM-aa4dc313,https://unsplash.com/photos/s5kTY-Ve1c236
BDCQ.SF1AACT,Industry by financial variable (NZSIOC Level 1),ECM-aa4dc314,https://unsplash.com/photos/s5kTY-Ve1c237
BDCQ.SF1AACT,Industry by financial variable (NZSIOC Level 1),ECM-aa4dc315,https://unsplash.com/photos/s5kTY-Ve1c238
BDCQ.SF1AACT,Industry by financial variable (NZSIOC Level 1),ECM-aa4dc316,https://unsplash.com/photos/s5kTY-Ve1c239
BDCQ.SF1AACT,Industry by financial variable (NZSIOC Level 1),ECM-aa4dc317,https://unsplash.com/photos/s5kTY-Ve1c240
BDCQ.SF1AACT,Industry by financial variable (NZSIOC Level 1),ECM-aa4dc318,https://unsplash.com/photos/s5kTY-Ve1c241
BDCQ.SF1AACT,Industry by financial variable (NZSIOC Level 1),ECM-aa4dc319,https://unsplash.com/photos/s5kTY-Ve1c242
BDCQ.SF1AACT,Industry by financial variable (NZSIOC Level 1),ECM-aa4dc320,https://unsplash.com/photos/s5kTY-Ve1c243
BDCQ.SF1AACT,Industry by financial variable (NZSIOC Level 1),ECM-aa4dc321,https://unsplash.com/photos/s5kTY-Ve1c244
BDCQ.SF1AACT,Industry by financial variable (NZSIOC Level 1),ECM-aa4dc322,https://unsplash.com/photos/s5kTY-Ve1c245
BDCQ.SF1AACT,Industry by financial variable (NZSIOC Level 1),ECM-aa4dc323,https://unsplash.com/photos/s5kTY-Ve1c246
BDCQ.SF1AACT,Industry by financial variable (NZSIOC Level 1),ECM-aa4dc324,https://unsplash.com/photos/s5kTY-Ve1c247
BDCQ.SF1AACT,Industry by financial variable (NZSIOC Level 1),ECM-aa4dc325,https://unsplash.com/photos/s5kTY-Ve1c248
BDCQ.SF1AACT,Industry by financial variable (NZSIOC Level 1),ECM-aa4dc326,https://unsplash.com/photos/s5kTY-Ve1c249
BDCQ.SF1AACT,Industry by financial variable (NZSIOC Level 1),ECM-aa4dc327,https://unsplash.com/photos/s5kTY-Ve1c250
BDCQ.SF1AACT,Industry by financial variable (NZSIOC Level 1),ECM-aa4dc328,https://unsplash.com/photos/s5kTY-Ve1c251
BDCQ.SF1AACT,Industry by financial variable (NZSIOC Level 1),ECM-aa4dc329,https://unsplash.com/photos/s5kTY-Ve1c252
BDCQ.SF1AACT,Industry by financial variable (NZSIOC Level 1),ECM-aa4dc330,https://unsplash.com/photos/s5kTY-Ve1c253
BDCQ.SF1AACT,Industry by financial variable (NZSIOC Level 1),ECM-aa4dc331,https://unsplash.com/photos/s5kTY-Ve1c254
BDCQ.SF1AACT,Industry by financial variable (NZSIOC Level 1),ECM-aa4dc332,https://unsplash.com/photos/s5kTY-Ve1c255
BDCQ.SF1AACT,Industry by financial variable (NZSIOC Level 1),ECM-aa4dc333,https://unsplash.com/photos/s5kTY-Ve1c256
BDCQ.SF1AACT,Industry by financial variable (NZSIOC Level 1),ECM-aa4dc334,https://unsplash.com/photos/s5kTY-Ve1c257
BDCQ.SF1AACT,Industry by financial variable (NZSIOC Level 1),ECM-aa4dc335,https://unsplash.com/photos/s5kTY-Ve1c258
BDCQ.SF1AACT,Industry by financial variable (NZSIOC Level 1),ECM-aa4dc336,https://unsplash.com/photos/s5kTY-Ve1c259
BDCQ.SF1AACT,Industry by financial variable (NZSIOC Level 1),ECM-aa4dc337,https://unsplash.com/photos/s5kTY-Ve1c260
BDCQ.SF1BB1CA,Industry by financial variable (NZSIOC Level 2),ECM-aa4dc338,https://unsplash.com/photos/s5kTY-Ve1c261
BDCQ.SF1BB1CA,Industry by financial variable (NZSIOC Level 2),ECM-aa4dc339,https://unsplash.com/photos/s5kTY-Ve1c262
BDCQ.SF1BB1CA,Industry by financial variable (NZSIOC Level 2),ECM-aa4dc340,https://unsplash.com/photos/s5kTY-Ve1c263
BDCQ.SF1BB1CA,Industry by financial variable (NZSIOC Level 2),ECM-aa4dc341,https://unsplash.com/photos/s5kTY-Ve1c264
BDCQ.SF1BB1CA,Industry by financial variable (NZSIOC Level 2),ECM-aa4dc342,https://unsplash.com/photos/s5kTY-Ve1c265
BDCQ.SF1BB1CA,Industry by financial variable (NZSIOC Level 2),ECM-aa4dc343,https://unsplash.com/photos/s5kTY-Ve1c266
BDCQ.SF1BB1CA,Industry by financial variable (NZSIOC Level 2),ECM-aa4dc344,https://unsplash.com/photos/s5kTY-Ve1c267
BDCQ.SF1BB1CA,Industry by financial variable (NZSIOC Level 2),ECM-aa4dc345,https://unsplash.com/photos/s5kTY-Ve1c268
BDCQ.SF1BB1CA,Industry by financial variable (NZSIOC Level 2),ECM-aa4dc346,https://unsplash.com/photos/s5kTY-Ve1c269
BDCQ.SF1BB1CA,Industry by financial variable (NZSIOC Level 2),ECM-aa4dc347,https://unsplash.com/photos/s5kTY-Ve1c270
BDCQ.SF1BB1CA,Industry by financial variable (NZSIOC Level 2),ECM-aa4dc348,https://unsplash.com/photos/s5kTY-Ve1c271
BDCQ.SF1BB1CA,Industry by financial variable (NZSIOC Level 2),ECM-aa4dc349,https://unsplash.com/photos/s5kTY-Ve1c272
BDCQ.SF1BB1CA,Industry by financial variable (NZSIOC Level 2),ECM-aa4dc350,https://unsplash.com/photos/s5kTY-Ve1c273
BDCQ.SF1BB1CA,Industry by financial variable (NZSIOC Level 2),ECM-aa4dc351,https://unsplash.com/photos/s5kTY-Ve1c274
BDCQ.SF1BB1CA,Industry by financial variable (NZSIOC Level 2),ECM-aa4dc352,https://unsplash.com/photos/s5kTY-Ve1c275
BDCQ.SF1BB1CA,Industry by financial variable (NZSIOC Level 2),ECM-aa4dc353,https://unsplash.com/photos/s5kTY-Ve1c276
BDCQ.SF1BB1CA,Industry by financial variable (NZSIOC Level 2),ECM-aa4dc354,https://unsplash.com/photos/s5kTY-Ve1c277
BDCQ.SF1BB1CA,Industry by financial variable (NZSIOC Level 2),ECM-aa4dc355,https://unsplash.com/photos/s5kTY-Ve1c278
BDCQ.SF1BB1CA,Industry by financial variable (NZSIOC Level 2),ECM-aa4dc356,https://unsplash.com/photos/s5kTY-Ve1c279
BDCQ.SF1BB1CA,Industry by financial variable (NZSIOC Level 2),ECM-aa4dc357,https://unsplash.com/photos/s5kTY-Ve1c280
BDCQ.SF1BB1CA,Industry by financial variable (NZSIOC Level 2),ECM-aa4dc358,https://unsplash.com/photos/s5kTY-Ve1c281
BDCQ.SF1BB1CA,Industry by financial variable (NZSIOC Level 2),ECM-aa4dc359,https://unsplash.com/photos/s5kTY-Ve1c282
BDCQ.SF1BB1CA,Industry by financial variable (NZSIOC Level 2),ECM-aa4dc360,https://unsplash.com/photos/s5kTY-Ve1c283
BDCQ.SF1BB1CA,Industry by financial variable (NZSIOC Level 2),ECM-aa4dc361,https://unsplash.com/photos/s5kTY-Ve1c284
BDCQ.SF1BB1CA,Industry by financial variable (NZSIOC Level 2),ECM-aa4dc362,https://unsplash.com/photos/s5kTY-Ve1c285
BDCQ.SF1BB1CA,Industry by financial variable (NZSIOC Level 2),ECM-aa4dc363,https://unsplash.com/photos/s5kTY-Ve1c286
BDCQ.SF1BB1CA,Industry by financial variable (NZSIOC Level 2),ECM-aa4dc364,https://unsplash.com/photos/s5kTY-Ve1c287
BDCQ.SF1BB1CA,Industry by financial variable (NZSIOC Level 2),ECM-aa4dc365,https://unsplash.com/photos/s5kTY-Ve1c288
BDCQ.SF1BB1CA,Industry by financial variable (NZSIOC Level 2),ECM-aa4dc366,https://unsplash.com/photos/s5kTY-Ve1c289
BDCQ.SF1BB1CS,Industry by financial variable (NZSIOC Level 2),ECM-aa4dc367,https://unsplash.com/photos/s5kTY-Ve1c290
BDCQ.SF1BB1CS,Industry by financial variable (NZSIOC Level 2),ECM-aa4dc368,https://unsplash.com/photos/s5kTY-Ve1c291
BDCQ.SF1BB1CS,Industry by financial variable (NZSIOC Level 2),ECM-aa4dc369,https://unsplash.com/photos/s5kTY-Ve1c292
BDCQ.SF1BB1CS,Industry by financial variable (NZSIOC Level 2),ECM-aa4dc370,https://unsplash.com/photos/s5kTY-Ve1c293
BDCQ.SF1BB1CS,Industry by financial variable (NZSIOC Level 2),ECM-aa4dc371,https://unsplash.com/photos/s5kTY-Ve1c294
BDCQ.SF1BB1CS,Industry by financial variable (NZSIOC Level 2),ECM-aa4dc372,https://unsplash.com/photos/s5kTY-Ve1c295
BDCQ.SF1BB1CS,Industry by financial variable (NZSIOC Level 2),ECM-aa4dc373,https://unsplash.com/photos/s5kTY-Ve1c296
BDCQ.SF1BB1CS,Industry by financial variable (NZSIOC Level 2),ECM-aa4dc374,https://unsplash.com/photos/s5kTY-Ve1c297
BDCQ.SF1BB1CS,Industry by financial variable (NZSIOC Level 2),ECM-aa4dc375,https://unsplash.com/photos/s5kTY-Ve1c298
BDCQ.SF1BB1CS,Industry by financial variable (NZSIOC Level 2),ECM-aa4dc376,https://unsplash.com/photos/s5kTY-Ve1c299
BDCQ.SF1BB1CS,Industry by financial variable (NZSIOC Level 2),ECM-aa4dc377,https://unsplash.com/photos/s5kTY-Ve1c300
BDCQ.SF1BB1CS,Industry by financial variable (NZSIOC Level 2),ECM-aa4dc378,https://unsplash.com/photos/s5kTY-Ve1c301
BDCQ.SF1BB1CS,Industry by financial variable (NZSIOC Level 2),ECM-aa4dc379,https://unsplash.com/photos/s5kTY-Ve1c302
BDCQ.SF1BB1CS,Industry by financial variable (NZSIOC Level 2),ECM-aa4dc380,https://unsplash.com/photos/s5kTY-Ve1c303
BDCQ.SF1BB1CS,Industry by financial variable (NZSIOC Level 2),ECM-aa4dc381,https://unsplash.com/photos/s5kTY-Ve1c304
BDCQ.SF1BB1CS,Industry by financial variable (NZSIOC Level 2),ECM-aa4dc382,https://unsplash.com/photos/s5kTY-Ve1c305
BDCQ.SF1BB1CS,Industry by financial variable (NZSIOC Level 2),ECM-aa4dc383,https://unsplash.com/photos/s5kTY-Ve1c306
BDCQ.SF1BB1CS,Industry by financial variable (NZSIOC Level 2),ECM-aa4dc384,https://unsplash.com/photos/s5kTY-Ve1c307
BDCQ.SF1BB1CS,Industry by financial variable (NZSIOC Level 2),ECM-aa4dc385,https://unsplash.com/photos/s5kTY-Ve1c308
BDCQ.SF1BB1CS,Industry by financial variable (NZSIOC Level 2),ECM-aa4dc386,https://unsplash.com/photos/s5kTY-Ve1c309
BDCQ.SF1BB1CS,Industry by financial variable (NZSIOC Level 2),ECM-aa4dc387,https://unsplash.com/photos/s5kTY-Ve1c310
BDCQ.SF1BB1CS,Industry by financial variable (NZSIOC Level 2),ECM-aa4dc388,https://unsplash.com/photos/s5kTY-Ve1c311
BDCQ.SF1BB1CS,Industry by financial variable (NZSIOC Level 2),ECM-aa4dc389,https://unsplash.com/photos/s5kTY-Ve1c312
BDCQ.SF1BB1CS,Industry by financial variable (NZSIOC Level 2),ECM-aa4dc390,https://unsplash.com/photos/s5kTY-Ve1c313
BDCQ.SF1BB1CS,Industry by financial variable (NZSIOC Level 2),ECM-aa4dc391,https://unsplash.com/photos/s5kTY-Ve1c314
BDCQ.SF1BB1CS,Industry by financial variable (NZSIOC Level 2),ECM-aa4dc392,https://unsplash.com/photos/s5kTY-Ve1c315
BDCQ.SF1BB1CS,Industry by financial variable (NZSIOC Level 2),ECM-aa4dc393,https://unsplash.com/photos/s5kTY-Ve1c316
BDCQ.SF1BB1CS,Industry by financial variable (NZSIOC Level 2),ECM-aa4dc394,https://unsplash.com/photos/s5kTY-Ve1c317
BDCQ.SF1BB1CS,Industry by financial variable (NZSIOC Level 2),ECM-aa4dc395,https://unsplash.com/photos/s5kTY-Ve1c318
BDCQ.SF1BB1CT,Industry by financial variable (NZSIOC Level 2),ECM-aa4dc396,https://unsplash.com/photos/s5kTY-Ve1c319
BDCQ.SF1BB1CT,Industry by financial variable (NZSIOC Level 2),ECM-aa4dc397,https://unsplash.com/photos/s5kTY-Ve1c320
BDCQ.SF1BB1CT,Industry by financial variable (NZSIOC Level 2),ECM-aa4dc398,https://unsplash.com/photos/s5kTY-Ve1c321
BDCQ.SF1BB1CT,Industry by financial variable (NZSIOC Level 2),ECM-aa4dc399,https://unsplash.com/photos/s5kTY-Ve1c322
BDCQ.SF1BB1CT,Industry by financial variable (NZSIOC Level 2),ECM-aa4dc400,https://unsplash.com/photos/s5kTY-Ve1c323
BDCQ.SF1BB1CT,Industry by financial variable (NZSIOC Level 2),ECM-aa4dc401,https://unsplash.com/photos/s5kTY-Ve1c324
BDCQ.SF1BB1CT,Industry by financial variable (NZSIOC Level 2),ECM-aa4dc402,https://unsplash.com/photos/s5kTY-Ve1c325
BDCQ.SF1BB1CT,Industry by financial variable (NZSIOC Level 2),ECM-aa4dc403,https://unsplash.com/photos/s5kTY-Ve1c326
BDCQ.SF1BB1CT,Industry by financial variable (NZSIOC Level 2),ECM-aa4dc404,https://unsplash.com/photos/s5kTY-Ve1c327
BDCQ.SF1BB1CT,Industry by financial variable (NZSIOC Level 2),ECM-aa4dc405,https://unsplash.com/photos/s5kTY-Ve1c328
BDCQ.SF1BB1CT,Industry by financial variable (NZSIOC Level 2),ECM-aa4dc406,https://unsplash.com/photos/s5kTY-Ve1c329
BDCQ.SF1BB1CT,Industry by financial variable (NZSIOC Level 2),ECM-aa4dc407,https://unsplash.com/photos/s5kTY-Ve1c330
BDCQ.SF1BB1CT,Industry by financial variable (NZSIOC Level 2),ECM-aa4dc408,https://unsplash.com/photos/s5kTY-Ve1c331
BDCQ.SF1BB1CT,Industry by financial variable (NZSIOC Level 2),ECM-aa4dc409,https://unsplash.com/photos/s5kTY-Ve1c332
BDCQ.SF1BB1CT,Industry by financial variable (NZSIOC Level 2),ECM-aa4dc410,https://unsplash.com/photos/s5kTY-Ve1c333
BDCQ.SF1BB1CT,Industry by financial variable (NZSIOC Level 2),ECM-aa4dc411,https://unsplash.com/photos/s5kTY-Ve1c334
BDCQ.SF1BB1CT,Industry by financial variable (NZSIOC Level 2),ECM-aa4dc412,https://unsplash.com/photos/s5kTY-Ve1c335
BDCQ.SF1BB1CT,Industry by financial variable (NZSIOC Level 2),ECM-aa4dc413,https://unsplash.com/photos/s5kTY-Ve1c336
BDCQ.SF1BB1CT,Industry by financial variable (NZSIOC Level 2),ECM-aa4dc414,https://unsplash.com/photos/s5kTY-Ve1c337
BDCQ.SF1BB1CT,Industry by financial variable (NZSIOC Level 2),ECM-aa4dc415,https://unsplash.com/photos/s5kTY-Ve1c338
BDCQ.SF1BB1CT,Industry by financial variable (NZSIOC Level 2),ECM-aa4dc416,https://unsplash.com/photos/s5kTY-Ve1c339
BDCQ.SF1BB1CT,Industry by financial variable (NZSIOC Level 2),ECM-aa4dc417,https://unsplash.com/photos/s5kTY-Ve1c340
BDCQ.SF1BB1CT,Industry by financial variable (NZSIOC Level 2),ECM-aa4dc418,https://unsplash.com/photos/s5kTY-Ve1c341
BDCQ.SF1BB1CT,Industry by financial variable (NZSIOC Level 2),ECM-aa4dc419,https://unsplash.com/photos/s5kTY-Ve1c342
BDCQ.SF1BB1CT,Industry by financial variable (NZSIOC Level 2),ECM-aa4dc420,https://unsplash.com/photos/s5kTY-Ve1c343
BDCQ.SF1BB1CT,Industry by financial variable (NZSIOC Level 2),ECM-aa4dc421,https://unsplash.com/photos/s5kTY-Ve1c344
BDCQ.SF1BB1CT,Industry by financial variable (NZSIOC Level 2),ECM-aa4dc422,https://unsplash.com/photos/s5kTY-Ve1c345
BDCQ.SF1BB1CT,Industry by financial variable (NZSIOC Level 2),ECM-aa4dc423,https://unsplash.com/photos/s5kTY-Ve1c346
BDCQ.SF1BB1CT,Industry by financial variable (NZSIOC Level 2),ECM-aa4dc424,https://unsplash.com/photos/s5kTY-Ve1c347
BDCQ.SF1BBCA,Industry by financial variable (NZSIOC Level 1),ECM-aa4dc425,https://unsplash.com/photos/s5kTY-Ve1c348
BDCQ.SF1BBCA,Industry by financial variable (NZSIOC Level 1),ECM-aa4dc426,https://unsplash.com/photos/s5kTY-Ve1c349
BDCQ.SF1BBCA,Industry by financial variable (NZSIOC Level 1),ECM-aa4dc427,https://unsplash.com/photos/s5kTY-Ve1c350
BDCQ.SF1BBCA,Industry by financial variable (NZSIOC Level 1),ECM-aa4dc428,https://unsplash.com/photos/s5kTY-Ve1c351
BDCQ.SF1BBCA,Industry by financial variable (NZSIOC Level 1),ECM-aa4dc429,https://unsplash.com/photos/s5kTY-Ve1c352
BDCQ.SF1BBCA,Industry by financial variable (NZSIOC Level 1),ECM-aa4dc430,https://unsplash.com/photos/s5kTY-Ve1c353
BDCQ.SF1BBCA,Industry by financial variable (NZSIOC Level 1),ECM-aa4dc431,https://unsplash.com/photos/s5kTY-Ve1c354
BDCQ.SF1BBCA,Industry by financial variable (NZSIOC Level 1),ECM-aa4dc432,https://unsplash.com/photos/s5kTY-Ve1c355
BDCQ.SF1BBCA,Industry by financial variable (NZSIOC Level 1),ECM-aa4dc433,https://unsplash.com/photos/s5kTY-Ve1c356
BDCQ.SF1BBCA,Industry by financial variable (NZSIOC Level 1),ECM-aa4dc434,https://unsplash.com/photos/s5kTY-Ve1c357
BDCQ.SF1BBCA,Industry by financial variable (NZSIOC Level 1),ECM-aa4dc435,https://unsplash.com/photos/s5kTY-Ve1c358
BDCQ.SF1BBCA,Industry by financial variable (NZSIOC Level 1),ECM-aa4dc436,https://unsplash.com/photos/s5kTY-Ve1c359
BDCQ.SF1BBCA,Industry by financial variable (NZSIOC Level 1),ECM-aa4dc437,https://unsplash.com/photos/s5kTY-Ve1c360
BDCQ.SF1BBCA,Industry by financial variable (NZSIOC Level 1),ECM-aa4dc438,https://unsplash.com/photos/s5kTY-Ve1c361
BDCQ.SF1BBCA,Industry by financial variable (NZSIOC Level 1),ECM-aa4dc439,https://unsplash.com/photos/s5kTY-Ve1c362
BDCQ.SF1BBCA,Industry by financial variable (NZSIOC Level 1),ECM-aa4dc440,https://unsplash.com/photos/s5kTY-Ve1c363
BDCQ.SF1BBCA,Industry by financial variable (NZSIOC Level 1),ECM-aa4dc441,https://unsplash.com/photos/s5kTY-Ve1c364
BDCQ.SF1BBCA,Industry by financial variable (NZSIOC Level 1),ECM-aa4dc442,https://unsplash.com/photos/s5kTY-Ve1c365
BDCQ.SF1BBCA,Industry by financial variable (NZSIOC Level 1),ECM-aa4dc443,https://unsplash.com/photos/s5kTY-Ve1c366
BDCQ.SF1BBCA,Industry by financial variable (NZSIOC Level 1),ECM-aa4dc444,https://unsplash.com/photos/s5kTY-Ve1c367
BDCQ.SF1BBCA,Industry by financial variable (NZSIOC Level 1),ECM-aa4dc445,https://unsplash.com/photos/s5kTY-Ve1c368
BDCQ.SF1BBCA,Industry by financial variable (NZSIOC Level 1),ECM-aa4dc446,https://unsplash.com/photos/s5kTY-Ve1c369
BDCQ.SF1BBCA,Industry by financial variable (NZSIOC Level 1),ECM-aa4dc447,https://unsplash.com/photos/s5kTY-Ve1c370
BDCQ.SF1BBCA,Industry by financial variable (NZSIOC Level 1),ECM-aa4dc448,https://unsplash.com/photos/s5kTY-Ve1c371
BDCQ.SF1BBCA,Industry by financial variable (NZSIOC Level 1),ECM-aa4dc449,https://unsplash.com/photos/s5kTY-Ve1c372
BDCQ.SF1BBCA,Industry by financial variable (NZSIOC Level 1),ECM-aa4dc450,https://unsplash.com/photos/s5kTY-Ve1c373
BDCQ.SF1BBCA,Industry by financial variable (NZSIOC Level 1),ECM-aa4dc451,https://unsplash.com/photos/s5kTY-Ve1c374
BDCQ.SF1BBCA,Industry by financial variable (NZSIOC Level 1),ECM-aa4dc452,https://unsplash.com/photos/s5kTY-Ve1c375
BDCQ.SF1BBCA,Industry by financial variable (NZSIOC Level 1),ECM-aa4dc453,https://unsplash.com/photos/s5kTY-Ve1c376
BDCQ.SF1BBCS,Industry by financial variable (NZSIOC Level 1),ECM-aa4dc454,https://unsplash.com/photos/s5kTY-Ve1c377
BDCQ.SF1BBCS,Industry by financial variable (NZSIOC Level 1),ECM-aa4dc455,https://unsplash.com/photos/s5kTY-Ve1c378
BDCQ.SF1BBCS,Industry by financial variable (NZSIOC Level 1),ECM-aa4dc456,https://unsplash.com/photos/s5kTY-Ve1c379
BDCQ.SF1BBCS,Industry by financial variable (NZSIOC Level 1),ECM-aa4dc457,https://unsplash.com/photos/s5kTY-Ve1c380
BDCQ.SF1BBCS,Industry by financial variable (NZSIOC Level 1),ECM-aa4dc458,https://unsplash.com/photos/s5kTY-Ve1c381
BDCQ.SF1BBCS,Industry by financial variable (NZSIOC Level 1),ECM-aa4dc459,https://unsplash.com/photos/s5kTY-Ve1c382
BDCQ.SF1BBCS,Industry by financial variable (NZSIOC Level 1),ECM-aa4dc460,https://unsplash.com/photos/s5kTY-Ve1c383
BDCQ.SF1BBCS,Industry by financial variable (NZSIOC Level 1),ECM-aa4dc461,https://unsplash.com/photos/s5kTY-Ve1c384
BDCQ.SF1BBCS,Industry by financial variable (NZSIOC Level 1),ECM-aa4dc462,https://unsplash.com/photos/s5kTY-Ve1c385
BDCQ.SF1BBCS,Industry by financial variable (NZSIOC Level 1),ECM-aa4dc463,https://unsplash.com/photos/s5kTY-Ve1c386
BDCQ.SF1BBCS,Industry by financial variable (NZSIOC Level 1),ECM-aa4dc464,https://unsplash.com/photos/s5kTY-Ve1c387
BDCQ.SF1BBCS,Industry by financial variable (NZSIOC Level 1),ECM-aa4dc465,https://unsplash.com/photos/s5kTY-Ve1c388
BDCQ.SF1BBCS,Industry by financial variable (NZSIOC Level 1),ECM-aa4dc466,https://unsplash.com/photos/s5kTY-Ve1c389
BDCQ.SF1BBCS,Industry by financial variable (NZSIOC Level 1),ECM-aa4dc467,https://unsplash.com/photos/s5kTY-Ve1c390
BDCQ.SF1BBCS,Industry by financial variable (NZSIOC Level 1),ECM-aa4dc468,https://unsplash.com/photos/s5kTY-Ve1c391
BDCQ.SF1BBCS,Industry by financial variable (NZSIOC Level 1),ECM-aa4dc469,https://unsplash.com/photos/s5kTY-Ve1c392
BDCQ.SF1BBCS,Industry by financial variable (NZSIOC Level 1),ECM-aa4dc470,https://unsplash.com/photos/s5kTY-Ve1c393
BDCQ.SF1BBCS,Industry by financial variable (NZSIOC Level 1),ECM-aa4dc471,https://unsplash.com/photos/s5kTY-Ve1c394
BDCQ.SF1BBCS,Industry by financial variable (NZSIOC Level 1),ECM-aa4dc472,https://unsplash.com/photos/s5kTY-Ve1c395
BDCQ.SF1BBCS,Industry by financial variable (NZSIOC Level 1),ECM-aa4dc473,https://unsplash.com/photos/s5kTY-Ve1c396
BDCQ.SF1BBCS,Industry by financial variable (NZSIOC Level 1),ECM-aa4dc474,https://unsplash.com/photos/s5kTY-Ve1c397
BDCQ.SF1BBCS,Industry by financial variable (NZSIOC Level 1),ECM-aa4dc475,https://unsplash.com/photos/s5kTY-Ve1c398
BDCQ.SF1BBCS,Industry by financial variable (NZSIOC Level 1),ECM-aa4dc476,https://unsplash.com/photos/s5kTY-Ve1c399
BDCQ.SF1BBCS,Industry by financial variable (NZSIOC Level 1),ECM-aa4dc477,https://unsplash.com/photos/s5kTY-Ve1c400
BDCQ.SF1BBCS,Industry by financial variable (NZSIOC Level 1),ECM-aa4dc478,https://unsplash.com/photos/s5kTY-Ve1c401
BDCQ.SF1BBCS,Industry by financial variable (NZSIOC Level 1),ECM-aa4dc479,https://unsplash.com/photos/s5kTY-Ve1c402
BDCQ.SF1BBCS,Industry by financial variable (NZSIOC Level 1),ECM-aa4dc480,https://unsplash.com/photos/s5kTY-Ve1c403
BDCQ.SF1BBCS,Industry by financial variable (NZSIOC Level 1),ECM-aa4dc481,https://unsplash.com/photos/s5kTY-Ve1c404
BDCQ.SF1BBCS,Industry by financial variable (NZSIOC Level 1),ECM-aa4dc482,https://unsplash.com/photos/s5kTY-Ve1c405
BDCQ.SF1BBCT,Industry by financial variable (NZSIOC Level 1),ECM-aa4dc483,https://unsplash.com/photos/s5kTY-Ve1c406
BDCQ.SF1BBCT,Industry by financial variable (NZSIOC Level 1),ECM-aa4dc484,https://unsplash.com/photos/s5kTY-Ve1c407
BDCQ.SF1BBCT,Industry by financial variable (NZSIOC Level 1),ECM-aa4dc485,https://unsplash.com/photos/s5kTY-Ve1c408
BDCQ.SF1BBCT,Industry by financial variable (NZSIOC Level 1),ECM-aa4dc486,https://unsplash.com/photos/s5kTY-Ve1c409
BDCQ.SF1BBCT,Industry by financial variable (NZSIOC Level 1),ECM-aa4dc487,https://unsplash.com/photos/s5kTY-Ve1c410
BDCQ.SF1BBCT,Industry by financial variable (NZSIOC Level 1),ECM-aa4dc488,https://unsplash.com/photos/s5kTY-Ve1c411
BDCQ.SF1BBCT,Industry by financial variable (NZSIOC Level 1),ECM-aa4dc489,https://unsplash.com/photos/s5kTY-Ve1c412
BDCQ.SF1BBCT,Industry by financial variable (NZSIOC Level 1),ECM-aa4dc490,https://unsplash.com/photos/s5kTY-Ve1c413
BDCQ.SF1BBCT,Industry by financial variable (NZSIOC Level 1),ECM-aa4dc491,https://unsplash.com/photos/s5kTY-Ve1c414
BDCQ.SF1BBCT,Industry by financial variable (NZSIOC Level 1),ECM-aa4dc492,https://unsplash.com/photos/s5kTY-Ve1c415
BDCQ.SF1BBCT,Industry by financial variable (NZSIOC Level 1),ECM-aa4dc493,https://unsplash.com/photos/s5kTY-Ve1c416
BDCQ.SF1BBCT,Industry by financial variable (NZSIOC Level 1),ECM-aa4dc494,https://unsplash.com/photos/s5kTY-Ve1c417
BDCQ.SF1BBCT,Industry by financial variable (NZSIOC Level 1),ECM-aa4dc495,https://unsplash.com/photos/s5kTY-Ve1c418
BDCQ.SF1BBCT,Industry by financial variable (NZSIOC Level 1),ECM-aa4dc496,https://unsplash.com/photos/s5kTY-Ve1c419
BDCQ.SF1BBCT,Industry by financial variable (NZSIOC Level 1),ECM-aa4dc497,https://unsplash.com/photos/s5kTY-Ve1c420
BDCQ.SF1BBCT,Industry by financial variable (NZSIOC Level 1),ECM-aa4dc498,https://unsplash.com/photos/s5kTY-Ve1c421
BDCQ.SF1BBCT,Industry by financial variable (NZSIOC Level 1),ECM-aa4dc499,https://unsplash.com/photos/s5kTY-Ve1c422
BDCQ.SF1BBCT,Industry by financial variable (NZSIOC Level 1),ECM-aa4dc500,https://unsplash.com/photos/s5kTY-Ve1c423
BDCQ.SF1BBCT,Industry by financial variable (NZSIOC Level 1),ECM-aa4dc501,https://unsplash.com/photos/s5kTY-Ve1c424
BDCQ.SF1BBCT,Industry by financial variable (NZSIOC Level 1),ECM-aa4dc502,https://unsplash.com/photos/s5kTY-Ve1c425
BDCQ.SF1BBCT,Industry by financial variable (NZSIOC Level 1),ECM-aa4dc503,https://unsplash.com/photos/s5kTY-Ve1c426
BDCQ.SF1BBCT,Industry by financial variable (NZSIOC Level 1),ECM-aa4dc504,https://unsplash.com/photos/s5kTY-Ve1c427
BDCQ.SF1BBCT,Industry by financial variable (NZSIOC Level 1),ECM-aa4dc505,https://unsplash.com/photos/s5kTY-Ve1c428
BDCQ.SF1BBCT,Industry by financial variable (NZSIOC Level 1),ECM-aa4dc506,https://unsplash.com/photos/s5kTY-Ve1c429
BDCQ.SF1BBCT,Industry by financial variable (NZSIOC Level 1),ECM-aa4dc507,https://unsplash.com/photos/s5kTY-Ve1c430
BDCQ.SF1BBCT,Industry by financial variable (NZSIOC Level 1),ECM-aa4dc508,https://unsplash.com/photos/s5kTY-Ve1c431
BDCQ.SF1BBCT,Industry by financial variable (NZSIOC Level 1),ECM-aa4dc509,https://unsplash.com/photos/s5kTY-Ve1c432
BDCQ.SF1BBCT,Industry by financial variable (NZSIOC Level 1),ECM-aa4dc510,https://unsplash.com/photos/s5kTY-Ve1c433
BDCQ.SF1BBCT,Industry by financial variable (NZSIOC Level 1),ECM-aa4dc511,https://unsplash.com/photos/s5kTY-Ve1c434
BDCQ.SF1CC1CA,Industry by financial variable (NZSIOC Level 2),ECM-aa4dc512,https://unsplash.com/photos/s5kTY-Ve1c435
BDCQ.SF1CC1CA,Industry by financial variable (NZSIOC Level 2),ECM-aa4dc513,https://unsplash.com/photos/s5kTY-Ve1c436
BDCQ.SF1CC1CA,Industry by financial variable (NZSIOC Level 2),ECM-aa4dc514,https://unsplash.com/photos/s5kTY-Ve1c437
BDCQ.SF1CC1CA,Industry by financial variable (NZSIOC Level 2),ECM-aa4dc515,https://unsplash.com/photos/s5kTY-Ve1c438
BDCQ.SF1CC1CA,Industry by financial variable (NZSIOC Level 2),ECM-aa4dc516,https://unsplash.com/photos/s5kTY-Ve1c439
BDCQ.SF1CC1CA,Industry by financial variable (NZSIOC Level 2),ECM-aa4dc517,https://unsplash.com/photos/s5kTY-Ve1c440
BDCQ.SF1CC1CA,Industry by financial variable (NZSIOC Level 2),ECM-aa4dc518,https://unsplash.com/photos/s5kTY-Ve1c441
BDCQ.SF1CC1CA,Industry by financial variable (NZSIOC Level 2),ECM-aa4dc519,https://unsplash.com/photos/s5kTY-Ve1c442
BDCQ.SF1CC1CA,Industry by financial variable (NZSIOC Level 2),ECM-aa4dc520,https://unsplash.com/photos/s5kTY-Ve1c443
BDCQ.SF1CC1CA,Industry by financial variable (NZSIOC Level 2),ECM-aa4dc521,https://unsplash.com/photos/s5kTY-Ve1c444
BDCQ.SF1CC1CA,Industry by financial variable (NZSIOC Level 2),ECM-aa4dc522,https://unsplash.com/photos/s5kTY-Ve1c445
BDCQ.SF1CC1CA,Industry by financial variable (NZSIOC Level 2),ECM-aa4dc523,https://unsplash.com/photos/s5kTY-Ve1c446
BDCQ.SF1CC1CA,Industry by financial variable (NZSIOC Level 2),ECM-aa4dc524,https://unsplash.com/photos/s5kTY-Ve1c447
BDCQ.SF1CC1CA,Industry by financial variable (NZSIOC Level 2),ECM-aa4dc525,https://unsplash.com/photos/s5kTY-Ve1c448
BDCQ.SF1CC1CA,Industry by financial variable (NZSIOC Level 2),ECM-aa4dc526,https://unsplash.com/photos/s5kTY-Ve1c449
BDCQ.SF1CC1CA,Industry by financial variable (NZSIOC Level 2),ECM-aa4dc527,https://unsplash.com/photos/s5kTY-Ve1c450
BDCQ.SF1CC1CA,Industry by financial variable (NZSIOC Level 2),ECM-aa4dc528,https://unsplash.com/photos/s5kTY-Ve1c451
BDCQ.SF1CC1CA,Industry by financial variable (NZSIOC Level 2),ECM-aa4dc529,https://unsplash.com/photos/s5kTY-Ve1c452
BDCQ.SF1CC1CA,Industry by financial variable (NZSIOC Level 2),ECM-aa4dc530,https://unsplash.com/photos/s5kTY-Ve1c453
BDCQ.SF1CC1CA,Industry by financial variable (NZSIOC Level 2),ECM-aa4dc531,https://unsplash.com/photos/s5kTY-Ve1c454
BDCQ.SF1CC1CA,Industry by financial variable (NZSIOC Level 2),ECM-aa4dc532,https://unsplash.com/photos/s5kTY-Ve1c455
BDCQ.SF1CC1CA,Industry by financial variable (NZSIOC Level 2),ECM-aa4dc533,https://unsplash.com/photos/s5kTY-Ve1c456
BDCQ.SF1CC1CA,Industry by financial variable (NZSIOC Level 2),ECM-aa4dc534,https://unsplash.com/photos/s5kTY-Ve1c457
BDCQ.SF1CC1CA,Industry by financial variable (NZSIOC Level 2),ECM-aa4dc535,https://unsplash.com/photos/s5kTY-Ve1c458
BDCQ.SF1CC1CA,Industry by financial variable (NZSIOC Level 2),ECM-aa4dc536,https://unsplash.com/photos/s5kTY-Ve1c459
BDCQ.SF1CC1CA,Industry by financial variable (NZSIOC Level 2),ECM-aa4dc537,https://unsplash.com/photos/s5kTY-Ve1c460
BDCQ.SF1CC1CA,Industry by financial variable (NZSIOC Level 2),ECM-aa4dc538,https://unsplash.com/photos/s5kTY-Ve1c461
BDCQ.SF1CC1CA,Industry by financial variable (NZSIOC Level 2),ECM-aa4dc539,https://unsplash.com/photos/s5kTY-Ve1c462
BDCQ.SF1CC1CA,Industry by financial variable (NZSIOC Level 2),ECM-aa4dc540,https://unsplash.com/photos/s5kTY-Ve1c463
BDCQ.SF1CC1CS,Industry by financial variable (NZSIOC Level 2),ECM-aa4dc541,https://unsplash.com/photos/s5kTY-Ve1c464
BDCQ.SF1CC1CS,Industry by financial variable (NZSIOC Level 2),ECM-aa4dc542,https://unsplash.com/photos/s5kTY-Ve1c465
BDCQ.SF1CC1CS,Industry by financial variable (NZSIOC Level 2),ECM-aa4dc543,https://unsplash.com/photos/s5kTY-Ve1c466
BDCQ.SF1CC1CS,Industry by financial variable (NZSIOC Level 2),ECM-aa4dc544,https://unsplash.com/photos/s5kTY-Ve1c467
BDCQ.SF1CC1CS,Industry by financial variable (NZSIOC Level 2),ECM-aa4dc545,https://unsplash.com/photos/s5kTY-Ve1c468
BDCQ.SF1CC1CS,Industry by financial variable (NZSIOC Level 2),ECM-aa4dc546,https://unsplash.com/photos/s5kTY-Ve1c469
BDCQ.SF1CC1CS,Industry by financial variable (NZSIOC Level 2),ECM-aa4dc547,https://unsplash.com/photos/s5kTY-Ve1c470
BDCQ.SF1CC1CS,Industry by financial variable (NZSIOC Level 2),ECM-aa4dc548,https://unsplash.com/photos/s5kTY-Ve1c471
BDCQ.SF1CC1CS,Industry by financial variable (NZSIOC Level 2),ECM-aa4dc549,https://unsplash.com/photos/s5kTY-Ve1c472
BDCQ.SF1CC1CS,Industry by financial variable (NZSIOC Level 2),ECM-aa4dc550,https://unsplash.com/photos/s5kTY-Ve1c473
BDCQ.SF1CC1CS,Industry by financial variable (NZSIOC Level 2),ECM-aa4dc551,https://unsplash.com/photos/s5kTY-Ve1c474
BDCQ.SF1CC1CS,Industry by financial variable (NZSIOC Level 2),ECM-aa4dc552,https://unsplash.com/photos/s5kTY-Ve1c475
BDCQ.SF1CC1CS,Industry by financial variable (NZSIOC Level 2),ECM-aa4dc553,https://unsplash.com/photos/s5kTY-Ve1c476
BDCQ.SF1CC1CS,Industry by financial variable (NZSIOC Level 2),ECM-aa4dc554,https://unsplash.com/photos/s5kTY-Ve1c477
BDCQ.SF1CC1CS,Industry by financial variable (NZSIOC Level 2),ECM-aa4dc555,https://unsplash.com/photos/s5kTY-Ve1c478
BDCQ.SF1CC1CS,Industry by financial variable (NZSIOC Level 2),ECM-aa4dc556,https://unsplash.com/photos/s5kTY-Ve1c479
BDCQ.SF1CC1CS,Industry by financial variable (NZSIOC Level 2),ECM-aa4dc557,https://unsplash.com/photos/s5kTY-Ve1c480
BDCQ.SF1CC1CS,Industry by financial variable (NZSIOC Level 2),ECM-aa4dc558,https://unsplash.com/photos/s5kTY-Ve1c481
BDCQ.SF1CC1CS,Industry by financial variable (NZSIOC Level 2),ECM-aa4dc559,https://unsplash.com/photos/s5kTY-Ve1c482
BDCQ.SF1CC1CS,Industry by financial variable (NZSIOC Level 2),ECM-aa4dc560,https://unsplash.com/photos/s5kTY-Ve1c483
BDCQ.SF1CC1CS,Industry by financial variable (NZSIOC Level 2),ECM-aa4dc561,https://unsplash.com/photos/s5kTY-Ve1c484
BDCQ.SF1CC1CS,Industry by financial variable (NZSIOC Level 2),ECM-aa4dc562,https://unsplash.com/photos/s5kTY-Ve1c485
BDCQ.SF1CC1CS,Industry by financial variable (NZSIOC Level 2),ECM-aa4dc563,https://unsplash.com/photos/s5kTY-Ve1c486
BDCQ.SF1CC1CS,Industry by financial variable (NZSIOC Level 2),ECM-aa4dc564,https://unsplash.com/photos/s5kTY-Ve1c487
BDCQ.SF1CC1CS,Industry by financial variable (NZSIOC Level 2),ECM-aa4dc565,https://unsplash.com/photos/s5kTY-Ve1c488
BDCQ.SF1CC1CS,Industry by financial variable (NZSIOC Level 2),ECM-aa4dc566,https://unsplash.com/photos/s5kTY-Ve1c489
BDCQ.SF1CC1CS,Industry by financial variable (NZSIOC Level 2),ECM-aa4dc567,https://unsplash.com/photos/s5kTY-Ve1c490
BDCQ.SF1CC1CS,Industry by financial variable (NZSIOC Level 2),ECM-aa4dc568,https://unsplash.com/photos/s5kTY-Ve1c491
BDCQ.SF1CC1CS,Industry by financial variable (NZSIOC Level 2),ECM-aa4dc569,https://unsplash.com/photos/s5kTY-Ve1c492
BDCQ.SF1CC1CT,Industry by financial variable (NZSIOC Level 2),ECM-aa4dc570,https://unsplash.com/photos/s5kTY-Ve1c493
BDCQ.SF1CC1CT,Industry by financial variable (NZSIOC Level 2),ECM-aa4dc571,https://unsplash.com/photos/s5kTY-Ve1c494
BDCQ.SF1CC1CT,Industry by financial variable (NZSIOC Level 2),ECM-aa4dc572,https://unsplash.com/photos/s5kTY-Ve1c495
BDCQ.SF1CC1CT,Industry by financial variable (NZSIOC Level 2),ECM-aa4dc573,https://unsplash.com/photos/s5kTY-Ve1c496
BDCQ.SF1CC1CT,Industry by financial variable (NZSIOC Level 2),ECM-aa4dc574,https://unsplash.com/photos/s5kTY-Ve1c497
BDCQ.SF1CC1CT,Industry by financial variable (NZSIOC Level 2),ECM-aa4dc575,https://unsplash.com/photos/s5kTY-Ve1c498
